RA,DEC
187.7059308,12.3911233
