,RA,DEC
299,113.19583333,63.39666667
